{
    "$schema": "https://schema.management.azure.com/schemas/0.1.2-preview/CreateUIDefinition.MultiVm.json#",
    "handler": "Microsoft.Azure.CreateUIDef",
    "version": "0.1.2-preview",
    "parameters": {
        "basics": [
            {}
        ],
        "steps": [
            {
                "name": "alertConfig",
                "label": "Alert settings",
                "elements": [
                    {
                        "name": "workspaceId",
						"type": "Microsoft.Common.TextBox",
						"label": "Workspace resource id",
						"defaultValue": "Fully qualified resource id of the backing workspace",
						"toolTip": "Use only allowed characters",
						"visible": true
											
					},
                    {
                        "name": "actionGroupId",
						"type": "Microsoft.Common.TextBox",
						"label": "Action group resource id",
						"defaultValue": "",
						"toolTip": "Fully qualified resource id of the action group to use for the created alerts",
						"visible": true
											
					}
                ]
            }
        ],
        "outputs": {
            "managedIdentity": "[parse('{\"Type\":\"SystemAssigned\"}')]",
            "workspaceId": "[basics('workspaceId')]",
            "actionGroupId": "[basics('actionGroupId')]"
        }
    }
}