{
    "$schema": "https://schema.management.azure.com/schemas/2015-01-01/deploymentTemplate.json#",
    "contentVersion": "1.0.0.0",
    "parameters": {
        "workspaceId": {
            "type": "string"
        },
        "actionGroupId": {
            "type": "string"
        }
    },
    "variables": {
        "rgId": "[resourceGroup().id]",
        "customRpId": "[concat(resourceGroup().id, '/providers/Microsoft.CustomProviders/resourceProviders/public')]",
        "templateMetadata": {
            "customRpId": "[variables('customRpId')]"
        },
        "managedApplicationId": "[resourceGroup().managedBy]",
        "managedApplicationName": "[last(split(variables('managedApplicationId'), '/'))]",
        "applicationResourceGroupName": "[split(variables('managedApplicationId'), '/')[4]]",
        "solutionDisplayName": "Virtual machine monitoring",
        "solutionDescription": "This solution adds alerts and workbook templates for VM monitoring",
        "alertLocation": "eastus",
        "alertName": "samplelogalert158",
        "alertDescription": "Sample log search alert",
        "alertStatus": "true",
        "alertSource": {
            "Query": "Perf | where ( ObjectName == 'Memory' )| where CounterName ==  'Available MBytes' |summarize AggregatedValue = avg(CounterValue) by Computer, bin(TimeGenerated, 5m) | where AggregatedValue < 600 |sort by TimeGenerated desc",
            "SourceId": "/subscriptions/f9cf50ed-d814-4b95-b76c-c709845f84c9/resourceGroups/mms-eus/providers/Microsoft.OperationalInsights/workspaces/AdmDemo",
            "Type": "ResultCount"
        },
        "alertSchedule": {
            "Frequency": 5,
            "Time": 5
        },
        "alertActions": {
            "SeverityLevel": "4",
            "SuppressTimeinMin": 30
        },
        "alertTrigger": {
            "Operator": "GreaterThan",
            "Threshold": "0"
        },
        "actionGrp": {
            "ActionGroup": "/subscriptions/8980832b-9589-4ac2-b322-a6ae6a97f02b/resourceGroups/app/providers/microsoft.insights/actiongroups/Arun-action-group",
            "Subject": "SARN-ALerts"
        }
    },
    "resources": [
    ],
    "outputs": {
        "solutionDisplayName": {
            "type": "string",
            "value": "[variables('solutionDisplayName')]"
        },
        "solutionDescription": {
            "type": "string",
            "value": "[variables('solutionDescription')]"
        },
        "targetResourceType": {
            "type": "string",
            "value": "microsoft.compute/virtualmachines"
        },
        "solutionPublisher": {
            "type": "string",
            "value": "Microsoft"
        },
        "templateMetadata": {
            "type": "object",
            "value": {
                "customRpId": "[variables('customRpId')]",
                "solutionName": "[variables('solutionDisplayName')]",
                "templates": [
                    {
                        "id": "https://arunamanagedappstorage.blob.core.windows.net/managedsolutions/ResourceMonitor2.workbook",
                        "source": "url",
                        "galleries": [
                            {
                                "name": "Virtual machine monitor",
                                "category": "Virtual machine monitoring solution",
                                "order": 100,
                                "type": "workbook",
                                "resourceType": "Azure Monitor"
                            }
                        ],
                        "localized": {}
                    },
                    {
                        "id": "https://arunamanagedappstorage.blob.core.windows.net/managedsolutions/ResourceMonitor2.workbook",
                        "source": "url",
                        "galleries": [
                            {
                                "name": "Virtual machine monitor",
                                "category": "Virtual machine monitoring solution",
                                "order": 100,
                                "type": "vm-insights",
                                "resourceType": "microsoft.operationalinsights/workspaces"
                            }
                        ],
                        "localized": {}
                    },
                    {
                        "id": "https://arunamanagedappstorage.blob.core.windows.net/managedsolutions/ResourceMonitor2.workbook",
                        "source": "url",
                        "galleries": [
                            {
                                "name": "Virtual machine monitor",
                                "category": "Virtual machine monitoring solution",
                                "order": 100,
                                "type": "vm-insights",
                                "resourceType": "microsoft.compute/virtualmachines"
                            }
                        ],
                        "localized": {}
                    }
                ]
            }
        }
    }
}