{
    "$schema": "https://schema.management.azure.com/schemas/2015-01-01/deploymentTemplate.json#",
    "contentVersion": "1.0.0.0",
    "parameters": {},
    "variables": {
        "rgId": "[resourceGroup().id]",
        "customRpId": "[concat(resourceGroup().id, '/providers/Microsoft.CustomProviders/resourceProviders/public')]",
        "templateMetadata": {
            "customRpId": "[variables('customRpId')]"
        },
        "managedApplicationId": "[resourceGroup().managedBy]",
        "managedApplicationName": "[last(split(variables('managedApplicationId'), '/'))]",
        "applicationResourceGroupName": "[split(variables('managedApplicationId'), '/')[4]]",
        "solutionDisplayName": "Simple alert solution",
        "solutionDescription": "This solution deploys a simple alert"
    },
    "resources": [
        {
            "name": "public",
            "id": "[variables('customRpId')]",
            "location": "eastus",
            "apiVersion": "2018-09-01-preview",
            "type": "Microsoft.CustomProviders/resourceProviders",
            "identity": {
                "type": "SystemAssigned"
            },
            "properties": {
                "resourceTypes": [
                    {
                        "name": "associations",
                        "routingType": "Template,Extension",
                        "template": {
                            "$schema": "https://schema.management.azure.com/schemas/2015-01-01/deploymentTemplate.json#",
                            "contentVersion": "1.0.0.0",
                            "parameters": {
                                "parentResourceName": {
                                    "type": "string"
                                },
                                "parentResourceId": {
                                    "type": "string"
                                }
                            },
                            "resources": [
                                {
                                    "name": "Simple-request-count-alert",
                                    "type": "Microsoft.Insights/scheduledQueryRules",
                                    "apiVersion": "2018-04-16",
                                    "location": "southcentralus",
                                    "tags": {
                                        "hidden-link:/subscriptions/8980832b-9589-4ac2-b322-a6ae6a97f02b/resourceGroups/app/providers/microsoft.insights/components/app": "Resource"
                                    },
                                    "properties": {
                                        "description": "Sample log search alert",
                                        "enabled": "true",
                                        "source": {
                                            "query": "requests",
                                            "dataSourceId": "[[concat(resourceGroup().id, '/providers/microsoft.insights/components/', parameters('parentResourceName'))]",
                                            "queryType": "ResultCount"
                                        },
                                        "schedule": {
                                            "frequencyInMinutes": 15,
                                            "timeWindowInMinutes": 60
                                        },
                                        "action": {
                                            "odata.type": "Microsoft.WindowsAzure.Management.Monitoring.Alerts.Models.Microsoft.AppInsights.Nexus.DataContracts.Resources.ScheduledQueryRules.AlertingAction",
                                            "severity": "4",
                                            "aznsAction": {
                                                "actionGroup": [
                                                    "/subscriptions/8980832b-9589-4ac2-b322-a6ae6a97f02b/resourceGroups/app/providers/microsoft.insights/actiongroups/Arun-action-group"
                                                ],
                                                "emailSubject": "Customized Email Header",
                                                "customWebhookPayload": "{ \"alertname\":\"#alertrulename\", \"IncludeSearchResults\":true }"
                                            },
                                            "trigger": {
                                                "thresholdOperator": "GreaterThan",
                                                "threshold": 1
                                            }
                                        }
                                    }
                                }
                            ]
                        }
                    }
                ]
            }
        },
        {
            "type": "Microsoft.Resources/deployments",
            "apiVersion": "2017-05-10",
            "name": "nestedTemplate",
            "resourceGroup": "[variables('applicationResourceGroupName')]",
            "properties": {
                "mode": "Incremental",
                "template": {
                    "$schema": "https://schema.management.azure.com/schemas/2015-01-01/deploymentTemplate.json#",
                    "contentVersion": "1.0.0.0",
                    "resources": [
                        {
                            "type": "Microsoft.Solutions/applications/providers/roleAssignments",
                            "apiVersion": "2015-07-01",
                            "name": "[concat(variables('managedApplicationName'), '/Microsoft.Authorization/', guid(resourceGroup().id))]",
                            "properties": {
                                "roleDefinitionId": "[concat(subscription().id, '/providers/Microsoft.Authorization/roleDefinitions/', '8e3af657-a8ff-443c-a75c-2fe8c4bcb635')]",
                                "principalId": "[reference('public', '2018-09-01-preview', 'Full').identity.principalId]",
                                "scope": "[variables('managedApplicationId')]"
                            }
                        }
                    ]
                }
            }
        }
    ],
    "outputs": {
        "solutionDisplayName": {
            "type": "string",
            "value": "[variables('solutionDisplayName')]"
        },
        "solutionDescription": {
            "type": "string",
            "value": "[variables('solutionDescription')]"
        },
        "targetResourceType": {
            "type": "string",
            "value": "microsoft.insights/components"
        },
        "solutionPublisher": {
            "type": "string",
            "value": "Microsoft"
        },
        "templateMetadata": {
            "type": "object",
            "value": {
                "customRpId": "[variables('customRpId')]",
                "solutionName": "[variables('solutionDisplayName')]",
                "templates": []
            }
        }
    }
}